,GP,GS,MIN,FGM,FGA,FG%,3PTM,3PTA,3P%,FTM,FTA,FT%,OR,DR,REB,AST,BLK,STL,PF,TO,PTS
Brad Wanamaker,99.0,1.0,15.7,1.9,4.3,44.0,0.5,1.3,38.0,1.3,1.5,91.7,0.2,1.4,1.7,2.2,0.1,0.6,1.6,0.9,5.6
Carsen Edwards,35.0,0.0,9.0,1.1,3.2,32.7,0.6,1.9,30.9,0.3,0.4,84.6,0.2,1.1,1.2,0.6,0.1,0.3,0.9,0.4,3.0
Daniel Theis,187.0,62.0,17.2,2.6,4.7,55.4,0.4,1.1,34.0,1.1,1.4,75.3,1.6,3.1,4.7,1.2,0.9,0.5,2.8,0.7,6.7
Enes Kanter,634.0,222.0,21.8,4.8,8.8,54.2,0.1,0.2,28.7,2.0,2.6,77.6,2.9,4.7,7.6,0.9,0.5,0.4,2.2,1.5,11.6
Gordon Hayward,634.0,472.0,30.8,5.2,11.6,45.1,1.3,3.6,36.6,3.5,4.2,82.2,0.7,3.6,4.4,3.5,0.4,1.0,1.7,2.0,15.3
Grant Williams,62.0,5.0,15.6,1.3,3.1,41.7,0.3,1.4,24.7,0.6,0.8,72.5,0.9,1.7,2.7,1.0,0.5,0.5,2.4,0.7,3.5
Javonte Green,44.0,1.0,9.4,1.1,2.2,50.0,0.1,0.5,26.1,0.5,0.8,63.9,0.4,1.4,1.8,0.5,0.2,0.5,0.8,0.4,2.9
Jaylen Brown,272.0,165.0,26.1,4.8,10.3,47.0,1.4,3.7,37.0,1.9,2.8,68.0,0.8,3.6,4.4,1.4,0.3,0.8,2.4,1.5,12.9
Jayson Tatum,218.0,218.0,31.8,6.2,13.7,45.6,1.8,4.5,39.9,2.9,3.5,82.7,0.8,5.1,5.9,2.2,0.8,1.1,2.1,1.7,17.2
Kemba Walker,655.0,610.0,33.9,6.9,16.5,41.8,2.2,6.1,36.0,4.0,4.7,83.8,0.6,3.3,3.8,5.4,0.4,1.3,1.5,2.2,20.0
Marcus Smart,394.0,182.0,29.0,3.3,8.8,37.4,1.5,4.6,31.8,1.8,2.4,77.4,0.9,2.7,3.6,4.0,0.4,1.6,2.6,1.7,9.9
Romeo Langford,27.0,1.0,11.0,0.9,2.4,37.5,0.2,0.9,21.7,0.6,0.9,69.6,0.5,0.7,1.2,0.2,0.2,0.3,1.1,0.3,2.6
Semi Ojeleye,190.0,8.0,13.9,1.0,2.7,39.0,0.5,1.6,33.3,0.4,0.6,68.5,0.4,1.5,2.0,0.4,0.1,0.3,1.0,0.3,3.0
Tacko Fall,6.0,0.0,4.0,1.5,2.0,75.0,0.0,0.0,0.0,0.2,0.5,33.3,0.0,1.8,1.8,0.0,0.3,0.0,0.8,0.5,3.2
Tremont Waters,10.0,0.0,8.9,1.2,3.5,34.3,0.3,1.7,17.6,0.6,0.6,100.0,0.0,0.9,0.9,1.2,0.2,0.5,1.1,1.0,3.3
Vincent Poirier,21.0,0.0,5.4,0.8,1.6,48.5,0.0,0.1,50.0,0.3,0.3,85.7,0.5,1.1,1.6,0.3,0.3,0.1,1.1,0.3,1.9
Caris LeVert,207.0,86.0,25.6,4.6,10.7,43.0,1.3,3.7,34.2,1.9,2.7,71.1,0.7,2.9,3.7,3.5,0.2,1.0,1.9,1.8,12.4
Chris Chiozza,28.0,0.0,10.1,1.2,3.1,39.1,0.7,1.6,43.5,0.1,0.1,100.0,0.3,1.1,1.4,1.9,0.1,0.6,0.9,0.6,3.2
DeAndre Jordan,875.0,713.0,27.8,3.8,5.7,66.9,0.0,0.0,9.1,1.9,3.9,47.4,3.2,7.6,10.8,0.9,1.6,0.6,2.6,1.4,9.5
Dzanan Musa,44.0,0.0,10.1,1.3,3.7,36.6,0.4,1.7,21.3,0.8,1.0,71.7,0.5,1.3,1.7,0.8,0.0,0.3,0.6,0.8,3.8
Garrett Temple,569.0,242.0,21.0,2.2,5.6,40.3,1.0,2.8,34.7,0.8,1.1,73.3,0.4,1.9,2.3,1.7,0.3,0.8,1.9,0.9,6.3
Jarrett Allen,216.0,169.0,24.0,3.9,6.4,60.7,0.1,0.3,16.9,2.1,3.1,69.2,2.5,5.3,7.7,1.1,1.4,0.5,2.2,1.2,9.9
Jeremiah Martin,3.0,0.0,5.3,0.3,1.7,20.0,0.0,0.3,0.0,0.0,0.0,0.0,0.0,0.7,0.7,0.7,0.3,0.3,0.0,0.0,0.7
Joe Harris,325.0,165.0,24.2,3.7,7.9,47.4,1.9,4.4,42.3,0.9,1.2,78.6,0.6,2.5,3.1,1.6,0.2,0.5,2.0,1.2,10.3
Justin Anderson,219.0,23.0,13.1,1.9,4.5,41.8,0.6,2.1,30.0,0.9,1.2,77.6,0.6,1.9,2.5,0.7,0.3,0.4,1.2,0.6,5.3
Kevin Durant,849.0,849.0,36.9,9.2,18.7,49.3,1.8,4.9,38.1,6.8,7.7,88.3,0.7,6.3,7.1,4.1,1.1,1.1,1.9,3.1,27.0
Kyrie Irving,528.0,528.0,33.8,8.2,17.7,46.6,2.1,5.4,39.0,3.8,4.4,87.7,0.8,2.9,3.7,5.7,0.4,1.3,2.2,2.6,22.4
Nicolas Claxton,15.0,0.0,12.5,1.8,3.2,56.3,0.1,0.5,14.3,0.7,1.4,52.4,1.3,1.7,2.9,1.1,0.5,0.1,0.9,0.6,4.4
Rodions Kurucs,102.0,50.0,17.6,2.6,5.7,44.9,0.8,2.4,33.3,0.9,1.2,74.2,0.7,2.6,3.4,0.8,0.3,0.6,2.1,1.1,6.8
Spencer Dinwiddie,317.0,130.0,25.7,4.2,10.1,41.0,1.4,4.4,31.8,3.2,4.1,79.3,0.4,2.3,2.8,5.0,0.3,0.7,2.4,1.8,12.9
Taurean Prince,260.0,200.0,26.4,4.1,10.0,41.2,1.8,5.0,36.6,1.5,1.8,81.8,0.6,3.8,4.3,1.9,0.4,0.9,2.2,1.8,11.6
Theo Pinson,51.0,0.0,11.3,1.4,4.5,30.7,0.5,2.5,21.4,0.7,0.7,89.5,0.3,1.5,1.8,1.5,0.1,0.5,1.0,1.0,3.9
Wilson Chandler,676.0,483.0,30.0,4.8,10.9,44.3,1.3,3.8,34.1,1.6,2.0,77.0,1.1,4.2,5.3,1.8,0.6,0.7,2.7,1.4,12.5
Allonzo Trier,88.0,4.0,19.9,3.2,7.1,45.4,0.8,2.1,38.4,2.4,3.0,80.1,0.4,2.1,2.6,1.7,0.2,0.4,1.7,1.6,9.7
Bobby Portis,315.0,54.0,20.4,4.1,9.0,45.6,0.9,2.4,36.0,1.1,1.5,75.4,1.7,4.2,5.9,1.2,0.3,0.5,1.8,1.1,10.2
Damyean Dotson,165.0,42.0,20.1,2.9,7.0,42.0,1.3,3.5,36.1,0.7,0.9,72.1,0.3,2.3,2.6,1.4,0.1,0.6,1.3,0.7,7.8
Elfrid Payton,387.0,331.0,29.3,4.5,10.0,45.2,0.4,1.4,28.9,1.5,2.4,62.5,1.1,3.3,4.4,6.6,0.4,1.3,2.2,2.4,11.0
Frank Ntilikina,178.0,51.0,21.3,2.3,6.3,36.6,0.7,2.3,31.1,0.7,0.9,78.3,0.4,1.8,2.2,3.1,0.3,0.8,2.4,1.4,6.0
Ignas Brazdeikis,9.0,0.0,5.9,0.7,2.4,27.3,0.1,1.0,11.1,0.4,0.6,80.0,0.2,0.3,0.6,0.4,0.1,0.0,0.3,0.2,1.9
Julius Randle,375.0,295.0,29.2,6.1,12.3,49.3,0.4,1.5,29.5,3.5,4.8,72.4,2.2,6.8,9.0,2.8,0.5,0.7,3.2,2.5,16.1
Kadeem Allen,47.0,2.0,13.6,1.9,4.4,43.5,0.5,1.3,34.9,1.2,1.6,75.7,0.3,1.2,1.5,2.3,0.2,0.5,1.4,0.9,5.5
Maurice Harkless,537.0,325.0,23.1,2.9,6.0,47.8,0.6,1.9,32.5,0.8,1.4,61.2,1.2,2.5,3.7,0.9,0.7,1.0,2.1,0.9,7.2
Mitchell Robinson,127.0,26.0,21.8,3.6,5.0,72.0,0.0,0.0,0.0,1.3,2.2,58.3,2.9,3.8,6.7,0.6,2.2,0.8,3.2,0.6,8.5
RJ Barrett,56.0,55.0,30.4,5.2,13.0,40.2,1.1,3.5,32.0,2.8,4.5,61.4,0.9,4.1,5.0,2.6,0.3,1.0,2.2,2.2,14.3
Reggie Bullock,301.0,138.0,19.7,2.5,5.9,43.0,1.3,3.4,38.5,0.5,0.6,82.6,0.3,1.8,2.1,1.1,0.1,0.5,1.1,0.6,6.9
Taj Gibson,799.0,440.0,25.2,4.0,7.7,51.5,0.0,0.1,22.0,1.6,2.2,70.9,2.3,3.9,6.3,1.0,1.0,0.6,2.5,1.2,9.5
Wayne Ellington,681.0,166.0,21.0,2.9,7.1,40.8,1.5,3.9,37.8,0.7,0.8,84.6,0.3,1.9,2.2,1.1,0.1,0.5,1.1,0.7,8.0
Al Horford,846.0,839.0,32.7,5.9,11.3,52.0,0.5,1.5,36.1,1.7,2.2,75.4,2.1,6.2,8.3,3.3,1.2,0.8,2.3,1.6,14.0
Alec Burks,488.0,85.0,21.9,3.5,8.3,42.0,0.8,2.2,35.8,2.4,3.1,79.2,0.6,2.6,3.2,1.8,0.2,0.7,1.8,1.3,10.2
Ben Simmons,214.0,214.0,34.4,6.8,12.0,56.1,0.0,0.1,8.7,2.9,4.9,59.4,2.0,6.3,8.3,8.0,0.8,1.7,2.8,3.5,16.4
Furkan Korkmaz,126.0,19.0,17.1,2.6,6.2,41.7,1.4,3.8,37.2,0.7,1.0,75.8,0.3,1.8,2.1,1.0,0.1,0.5,1.3,0.6,7.3
Joel Embiid,202.0,202.0,30.6,8.0,16.8,47.9,1.2,3.6,32.2,6.8,8.6,79.4,2.4,9.1,11.5,3.1,1.8,0.7,3.4,3.5,24.1
Josh Richardson,307.0,236.0,30.7,4.5,10.7,42.6,1.6,4.4,36.2,1.7,2.1,81.4,0.7,2.5,3.2,2.9,0.7,1.1,2.5,1.4,12.4
Marial Shayok,2.0,0.0,5.0,0.5,2.5,20.0,0.5,1.5,33.3,0.0,0.0,0.0,0.0,1.5,1.5,0.5,0.0,0.0,0.0,0.5,1.5
Matisse Thybulle,57.0,13.0,19.5,1.7,4.1,41.0,0.9,2.5,35.2,0.4,0.7,61.0,0.6,0.9,1.5,1.2,0.7,1.4,2.1,0.8,4.7
Mike Scott,499.0,21.0,16.5,2.7,5.9,45.8,0.9,2.4,36.3,0.7,1.0,76.0,0.7,2.5,3.2,0.9,0.1,0.3,1.5,0.7,7.0
Norvel Pelle,20.0,0.0,8.9,0.9,1.8,51.4,0.0,0.0,0.0,0.3,0.6,50.0,0.8,2.2,3.0,0.4,1.3,0.1,2.0,0.7,2.1
Raul Neto,248.0,57.0,13.6,1.8,4.0,44.5,0.6,1.5,38.0,0.6,0.7,78.7,0.2,1.1,1.3,1.8,0.1,0.5,1.2,1.0,4.7
Shake Milton,52.0,16.0,16.9,2.7,5.8,46.7,1.2,2.9,41.3,0.8,1.1,75.9,0.4,1.6,2.0,1.7,0.3,0.5,1.9,0.8,7.5
Tobias Harris,611.0,491.0,30.8,6.0,12.8,47.1,1.3,3.6,36.4,2.5,3.0,82.0,1.0,5.1,6.0,2.0,0.5,0.7,2.0,1.4,15.9
Zhaire Smith,13.0,2.0,11.0,1.3,3.5,37.8,0.5,1.5,31.6,0.6,0.9,66.7,0.2,0.9,1.2,0.9,0.2,0.4,0.9,0.6,3.7
Chris Boucher,84.0,0.0,10.6,1.8,4.0,45.4,0.5,1.6,29.2,1.1,1.4,80.5,1.3,2.3,3.6,0.3,0.9,0.3,1.6,0.4,5.3
Dewan Hernandez,4.0,0.0,2.8,0.3,1.3,20.0,0.0,0.3,0.0,0.5,0.5,100.0,0.5,1.3,1.8,0.0,0.0,0.3,1.5,0.3,1.0
Fred VanVleet,225.0,76.0,23.5,3.6,8.7,41.1,1.6,4.1,39.2,1.5,1.8,83.9,0.3,2.2,2.5,4.0,0.2,1.0,1.8,1.2,10.3
Kyle Lowry,908.0,672.0,31.6,4.7,11.2,42.3,1.9,5.1,36.6,3.4,4.2,80.9,0.8,3.5,4.3,6.2,0.3,1.4,2.7,2.3,14.7
Malcolm Miller,50.0,5.0,6.4,0.6,1.6,41.0,0.5,1.2,39.3,0.2,0.3,57.1,0.1,0.6,0.7,0.2,0.1,0.1,0.5,0.2,1.9
Marc Gasol,831.0,815.0,33.2,5.4,11.3,48.2,0.5,1.3,35.6,3.3,4.3,77.7,1.6,6.0,7.6,3.4,1.4,0.9,2.9,2.0,14.7
Matt Thomas,33.0,0.0,9.7,1.6,3.4,48.6,1.1,2.3,46.7,0.2,0.3,70.0,0.2,1.2,1.5,0.5,0.0,0.2,0.9,0.4,4.5
Norman Powell,299.0,86.0,18.6,3.1,6.8,45.7,1.0,2.9,35.9,1.2,1.5,81.6,0.3,2.0,2.3,1.3,0.2,0.7,1.6,1.0,8.5
OG Anunoby,204.0,130.0,23.2,3.0,6.3,48.0,1.1,3.0,36.2,0.7,1.0,63.8,0.9,2.7,3.5,1.0,0.4,0.9,2.1,0.9,7.8
Oshae Brissett,19.0,0.0,7.1,0.7,1.9,36.1,0.2,0.8,20.0,0.4,0.5,80.0,0.5,0.9,1.4,0.4,0.1,0.2,0.9,0.4,1.9
Pascal Siakam,269.0,175.0,25.9,5.0,9.8,50.4,0.8,2.5,33.3,2.0,2.6,76.6,1.2,4.4,5.6,2.3,0.7,0.8,2.5,1.4,12.7
Patrick McCaw,194.0,43.0,17.2,1.5,3.6,41.9,0.5,1.6,30.5,0.4,0.5,77.9,0.3,1.3,1.6,1.4,0.2,0.7,1.2,0.6,3.9
Paul Watson,5.0,0.0,5.0,0.0,1.6,0.0,0.0,0.8,0.0,0.2,0.4,50.0,0.0,0.8,0.8,1.0,0.2,0.2,0.2,0.0,0.2
Serge Ibaka,803.0,646.0,28.6,5.2,10.2,51.4,0.7,1.8,36.1,1.5,1.9,76.0,2.2,5.2,7.4,0.8,2.1,0.4,2.8,1.3,12.6
Stanley Johnson,305.0,64.0,20.5,2.4,6.5,37.2,0.8,2.7,29.1,0.9,1.2,76.5,0.5,2.7,3.2,1.4,0.2,0.9,1.9,1.2,6.6
Terence Davis,64.0,2.0,17.0,2.8,6.1,46.3,1.4,3.5,39.6,0.7,0.8,86.5,0.7,2.7,3.4,1.7,0.2,0.5,1.6,1.0,7.7
Adam Mokoka,11.0,0.0,10.2,1.1,2.5,42.9,0.5,1.4,40.0,0.2,0.4,50.0,0.6,0.3,0.9,0.4,0.0,0.4,1.5,0.2,2.9
Chandler Hutchison,72.0,24.0,19.8,2.4,5.3,45.8,0.4,1.2,29.5,1.0,1.6,59.5,0.7,3.4,4.1,0.8,0.2,0.7,1.5,0.7,6.2
Coby White,65.0,1.0,25.8,4.8,12.2,39.4,2.0,5.8,35.4,1.6,2.0,79.1,0.4,3.1,3.5,2.7,0.1,0.8,1.8,1.7,13.2
Cristiano Felicio,234.0,20.0,14.8,1.8,3.2,57.2,0.0,0.1,0.0,0.9,1.3,67.9,1.6,2.5,4.1,0.7,0.2,0.3,1.5,0.6,4.5
Daniel Gafford,43.0,7.0,14.2,2.2,3.1,70.1,0.0,0.0,0.0,0.7,1.4,53.3,1.2,1.3,2.5,0.5,1.3,0.3,2.3,0.7,5.1
Denzel Valentine,170.0,42.0,20.9,2.9,7.3,40.1,1.5,4.2,36.6,0.3,0.5,75.3,0.4,3.2,3.6,2.1,0.1,0.7,1.9,1.0,7.8
Kris Dunn,227.0,126.0,24.3,3.4,8.0,42.2,0.6,1.8,30.6,0.9,1.3,72.6,0.4,3.0,3.3,4.2,0.4,1.5,3.0,1.8,8.3
Lauri Markkanen,170.0,169.0,30.6,5.7,13.2,43.0,2.2,6.2,35.6,2.6,3.0,84.8,1.3,6.3,7.6,1.3,0.6,0.7,1.9,1.5,16.1
Luke Kornet,102.0,33.0,16.4,2.3,5.8,40.0,1.3,3.7,33.9,0.6,0.8,77.6,0.6,2.2,2.8,1.1,0.8,0.4,1.2,0.5,6.6
Max Strus,2.0,0.0,3.0,1.0,1.5,66.7,0.0,0.5,0.0,0.5,0.5,100.0,0.5,0.0,0.5,0.0,0.0,0.0,0.5,0.0,2.5
Ryan Arcidiacono,163.0,36.0,19.6,1.8,4.2,43.3,0.9,2.4,37.3,0.7,0.9,82.9,0.3,1.9,2.2,2.5,0.0,0.6,1.7,0.7,5.2
Shaquille Harrison,139.0,23.0,16.5,2.3,5.1,44.8,0.3,1.1,29.3,1.1,1.5,70.6,0.5,2.2,2.7,1.7,0.4,1.1,1.6,0.7,6.0
Thaddeus Young,965.0,687.0,30.3,5.7,11.4,49.8,0.5,1.5,33.3,1.3,2.0,67.0,2.0,3.9,5.9,1.7,0.4,1.5,2.2,1.4,13.2
Tomas Satoransky,275.0,151.0,23.3,2.7,5.9,46.9,0.7,1.8,36.9,1.2,1.5,81.7,0.9,2.2,3.1,4.1,0.1,0.9,1.8,1.3,7.4
Zach LaVine,353.0,266.0,30.8,6.4,14.3,44.7,1.8,4.9,37.5,3.1,3.8,81.9,0.5,3.2,3.6,3.6,0.3,1.0,2.2,2.5,17.7
Alfonzo McKinnie,126.0,6.0,13.1,1.7,3.7,46.6,0.5,1.5,30.7,0.4,0.7,62.2,0.9,2.0,2.9,0.4,0.2,0.3,1.7,0.5,4.3
Andre Drummond,599.0,548.0,31.0,6.1,11.3,54.2,0.0,0.2,14.6,2.2,4.8,46.1,4.8,9.1,13.8,1.3,1.6,1.4,3.2,2.0,14.5
Ante Zizic,113.0,27.0,13.4,2.4,4.2,58.1,0.0,0.0,0.0,1.1,1.6,71.1,1.3,2.6,3.9,0.6,0.4,0.2,1.5,0.7,6.0
Cedi Osman,202.0,152.0,24.9,3.5,8.1,43.7,1.4,3.9,36.4,1.1,1.6,71.7,0.5,3.0,3.5,1.9,0.1,0.7,2.1,1.2,9.6
Collin Sexton,147.0,137.0,32.3,7.0,15.6,45.0,1.5,3.7,39.2,3.0,3.6,84.3,0.8,2.2,3.0,3.0,0.1,0.7,2.2,2.3,18.5
Dante Exum,239.0,69.0,18.5,2.1,5.1,40.7,0.7,2.2,30.8,0.8,1.1,76.6,0.4,1.4,1.8,2.1,0.2,0.4,1.8,1.3,5.7
Darius Garland,59.0,59.0,30.9,4.7,11.8,40.1,1.8,5.0,35.5,1.1,1.2,87.5,0.5,1.4,1.9,3.9,0.1,0.7,1.6,2.6,12.3
Dean Wade,12.0,0.0,5.9,0.8,1.1,69.2,0.2,0.3,50.0,0.0,0.1,0.0,0.3,1.3,1.6,0.2,0.3,0.2,0.7,0.3,1.7
Kevin Love,713.0,630.0,32.0,6.0,13.6,44.2,1.7,4.6,37.0,4.5,5.4,82.8,2.8,8.4,11.1,2.4,0.5,0.7,2.1,2.0,18.2
Matt Mooney,4.0,0.0,4.8,0.3,1.0,25.0,0.0,0.5,0.0,0.0,0.0,0.0,0.0,0.8,0.8,0.3,0.3,0.5,0.3,0.0,0.5
Matthew Dellavedova,434.0,92.0,20.4,2.0,5.1,38.9,0.9,2.5,36.8,0.7,0.8,83.8,0.4,1.4,1.8,3.7,0.0,0.5,1.9,1.3,5.6
Sheldon Mac,30.0,3.0,9.6,1.0,2.5,40.0,0.2,1.0,23.3,0.8,0.9,85.2,0.1,1.0,1.1,0.5,0.1,0.3,0.6,0.2,3.0
Tristan Thompson,619.0,429.0,28.1,3.8,7.3,51.8,0.0,0.1,28.1,1.8,3.0,61.0,3.4,5.3,8.7,1.0,0.7,0.5,2.3,1.2,9.4
Blake Griffin,622.0,622.0,34.8,8.1,16.3,49.8,0.7,2.0,33.3,4.8,6.9,69.4,2.2,6.7,8.8,4.4,0.5,0.9,2.9,2.6,21.7
Brandon Knight,446.0,349.0,29.5,5.0,12.3,41.1,1.6,4.5,35.3,2.4,2.9,80.6,0.5,2.6,3.1,4.0,0.2,0.9,2.0,2.4,14.1
Bruce Brown,132.0,99.0,23.4,2.4,5.8,42.4,0.4,1.4,30.2,1.0,1.4,74.3,0.8,2.7,3.5,2.4,0.5,0.8,2.6,1.1,6.3
Christian Wood,113.0,14.0,16.2,3.4,6.2,54.6,0.6,1.6,36.8,2.2,3.0,73.4,1.3,3.5,4.8,0.6,0.7,0.4,1.2,1.0,9.5
Derrick Rose,596.0,504.0,32.6,7.3,16.1,45.6,0.8,2.6,30.4,3.3,4.0,82.7,0.8,2.6,3.4,5.6,0.3,0.8,1.3,2.6,18.8
Donta Hall,4.0,0.0,12.0,0.3,1.0,25.0,0.0,0.0,0.0,1.0,1.5,66.7,1.5,2.3,3.8,0.5,0.3,0.3,2.3,0.5,1.5
John Henson,445.0,160.0,19.7,3.2,6.0,54.0,0.0,0.2,25.0,1.1,1.9,56.8,1.8,3.5,5.3,1.1,1.4,0.5,2.2,1.1,7.6
Jordan Bone,10.0,0.0,5.3,0.5,2.0,25.0,0.2,1.0,20.0,0.0,0.0,0.0,0.0,0.4,0.4,0.8,0.0,0.1,0.6,0.2,1.2
Jordan McRae,123.0,9.0,13.8,2.5,5.9,41.7,0.7,1.9,35.5,1.3,1.7,77.2,0.3,1.6,1.8,1.4,0.2,0.4,1.2,0.7,6.9
Khyri Thomas,34.0,0.0,7.5,0.8,2.5,31.4,0.4,1.4,30.6,0.3,0.4,60.0,0.1,0.5,0.6,0.3,0.1,0.3,0.9,0.2,2.3
Langston Galloway,405.0,62.0,23.0,3.0,7.7,39.6,1.5,4.0,36.7,1.0,1.2,81.0,0.5,2.1,2.6,1.7,0.2,0.7,1.7,0.6,8.5
Louis King,10.0,0.0,6.2,0.8,2.1,38.1,0.4,1.1,36.4,0.0,0.3,0.0,0.1,0.9,1.0,0.5,0.0,0.2,1.0,0.2,2.0
Luke Kennard,164.0,44.0,23.3,3.6,8.1,44.1,1.6,3.9,40.2,1.1,1.3,86.3,0.3,2.5,2.8,2.2,0.2,0.5,1.5,1.0,9.8
Sekou Doumbouya,38.0,19.0,19.8,2.4,6.2,39.0,0.7,2.6,28.6,0.8,1.2,67.4,0.5,2.6,3.1,0.5,0.2,0.5,2.1,0.9,6.4
Sviatoslav Mykhailiuk,98.0,27.0,17.4,2.2,5.6,38.9,1.5,3.8,38.5,0.7,0.9,76.7,0.3,1.2,1.4,1.5,0.1,0.6,1.1,0.8,6.5
Thon Maker,255.0,65.0,13.9,1.6,3.8,43.3,0.5,1.5,32.9,0.9,1.3,67.3,0.8,2.0,2.8,0.6,0.7,0.4,1.8,0.5,4.7
Tony Snell,501.0,275.0,22.5,2.4,5.5,42.8,1.2,3.2,38.5,0.5,0.6,83.8,0.3,2.0,2.3,1.2,0.2,0.5,1.4,0.6,6.5
Aaron Holiday,108.0,26.0,18.6,2.8,7.0,40.5,1.1,3.1,37.3,1.0,1.1,84.4,0.2,1.6,1.8,2.6,0.2,0.6,1.6,1.1,7.8
Alize Johnson,27.0,0.0,4.4,0.4,1.1,35.5,0.0,0.1,50.0,0.3,0.5,57.1,0.4,1.0,1.4,0.1,0.1,0.0,0.5,0.1,1.1
Domantas Sabonis,291.0,152.0,25.6,4.8,9.2,52.2,0.3,1.0,32.1,2.2,3.0,72.2,2.0,6.0,8.0,2.6,0.4,0.6,2.9,1.9,12.1
Doug McDermott,403.0,14.0,20.0,3.1,6.6,46.5,1.2,3.0,41.3,0.8,1.0,82.5,0.4,1.8,2.2,0.8,0.1,0.2,1.4,0.6,8.2
Edmond Sumner,49.0,4.0,11.4,1.4,3.6,39.8,0.3,1.3,26.2,0.5,0.8,64.1,0.4,0.9,1.3,1.0,0.3,0.6,1.3,0.6,3.7
Goga Bitadze,49.0,2.0,8.4,1.2,2.6,47.3,0.1,0.7,16.7,0.5,0.7,72.7,0.4,1.5,2.0,0.4,0.7,0.1,1.2,0.5,3.1
JaKarr Sampson,199.0,88.0,15.6,2.0,4.4,46.3,0.3,1.1,25.1,0.9,1.4,66.3,0.6,2.0,2.6,0.7,0.5,0.4,1.9,0.8,5.3
Jeremy Lamb,481.0,128.0,21.2,3.9,8.8,44.4,1.0,3.0,33.9,1.6,1.9,85.1,0.5,3.2,3.7,1.6,0.4,0.7,1.6,0.8,10.5
Justin Holiday,422.0,164.0,23.0,2.9,7.2,39.7,1.5,4.0,36.2,1.0,1.2,82.6,0.4,2.5,2.9,1.4,0.4,1.0,1.5,0.9,8.2
Malcolm Brogdon,235.0,160.0,28.6,5.1,10.8,47.2,1.3,3.4,38.5,2.0,2.2,89.5,0.7,3.0,3.8,4.3,0.2,0.9,1.9,1.6,13.5
Myles Turner,335.0,302.0,28.3,4.9,10.0,48.8,0.8,2.1,35.4,2.2,2.9,76.8,1.4,5.2,6.7,1.2,2.1,0.7,2.8,1.3,12.7
Victor Oladipo,415.0,355.0,33.0,6.4,14.5,44.1,1.5,4.4,35.0,3.0,3.8,79.3,0.6,4.0,4.6,3.9,0.5,1.7,2.4,2.6,17.4
Brook Lopez,778.0,739.0,30.6,6.4,13.0,49.4,0.7,2.0,33.8,3.3,4.1,79.2,2.1,4.3,6.4,1.5,1.8,0.6,2.7,1.8,16.8
Cameron Reynolds,19.0,0.0,13.6,1.7,4.1,42.3,1.1,2.7,41.2,0.4,0.5,88.9,0.2,1.4,1.6,0.7,0.1,0.3,1.4,0.3,5.0
Donte DiVincenzo,86.0,22.0,20.6,3.0,6.7,45.0,1.1,3.5,32.2,0.8,1.0,76.7,0.9,3.2,4.1,1.9,0.3,1.1,1.6,1.1,8.0
Eric Bledsoe,626.0,464.0,27.8,5.1,11.1,45.7,1.1,3.2,33.7,3.0,3.8,79.5,0.8,3.2,4.0,4.8,0.5,1.4,2.1,2.6,14.2
Ersan Ilyasova,801.0,423.0,23.4,3.9,8.7,44.4,1.1,2.9,36.6,1.5,2.0,77.6,1.7,4.0,5.8,1.1,0.4,0.7,2.4,1.0,10.3
George Hill,778.0,447.0,27.7,3.9,8.6,45.7,1.2,3.2,38.5,2.0,2.5,80.3,0.6,2.5,3.1,3.2,0.3,0.9,2.0,1.3,11.1
Giannis Antetokounmpo,522.0,457.0,32.5,7.3,13.9,52.5,0.6,2.0,28.5,4.8,6.6,72.4,1.7,7.2,8.9,4.3,1.3,1.2,3.0,2.8,20.0
Khris Middleton,510.0,435.0,31.5,5.9,13.0,45.8,1.7,4.4,39.2,2.6,3.0,87.4,0.6,4.0,4.6,3.3,0.2,1.3,2.6,1.9,16.3
Kyle Korver,1224.0,422.0,25.4,3.3,7.6,44.2,2.0,4.6,42.9,1.1,1.2,87.6,0.3,2.7,3.0,1.7,0.3,0.7,2.1,1.0,9.7
Marvin Williams,1066.0,828.0,28.2,3.7,8.3,44.3,1.0,2.7,36.2,1.9,2.4,80.8,1.2,4.0,5.2,1.3,0.5,0.8,2.0,1.0,10.3
Pat Connaughton,277.0,9.0,15.6,1.8,4.1,44.3,0.7,2.2,34.3,0.4,0.5,78.4,0.6,2.1,2.8,1.2,0.3,0.3,1.0,0.5,4.7
Robin Lopez,826.0,584.0,22.4,3.7,7.0,52.9,0.1,0.2,29.9,1.4,1.9,75.1,2.3,2.8,5.1,0.8,1.2,0.2,2.0,1.1,8.8
Sterling Brown,157.0,12.0,15.8,2.0,4.7,41.8,0.8,2.2,34.4,0.5,0.6,76.2,0.5,2.6,3.1,1.0,0.2,0.5,1.4,0.7,5.2
Thanasis Antetokounmpo,20.0,2.0,5.0,1.1,2.0,55.0,0.0,0.4,0.0,0.4,0.8,46.7,0.6,0.5,1.0,0.5,0.1,0.3,0.8,0.6,2.6
Wesley Matthews,786.0,725.0,31.9,4.5,10.7,42.3,2.1,5.5,38.1,2.1,2.5,82.4,0.5,2.5,3.1,2.2,0.2,1.1,2.2,1.3,13.2
Brandon Goodwin,50.0,1.0,9.7,1.6,4.3,38.5,0.6,1.9,30.1,0.7,0.8,90.2,0.2,1.3,1.5,1.3,0.1,0.2,1.0,0.6,4.6
Bruno Fernando,56.0,13.0,12.7,1.8,3.6,51.8,0.1,0.7,13.5,0.5,0.9,56.9,1.2,2.3,3.5,0.9,0.3,0.3,1.9,0.8,4.3
Cam Reddish,58.0,34.0,26.7,3.7,9.6,38.4,1.4,4.3,33.2,1.7,2.2,80.2,0.6,3.1,3.7,1.5,0.5,1.1,2.3,1.7,10.5
Clint Capela,334.0,274.0,26.0,5.3,8.3,63.4,0.0,0.0,0.0,1.6,3.1,52.6,3.3,6.4,9.7,1.0,1.5,0.7,2.5,1.2,12.2
Damian Jones,104.0,49.0,14.1,1.9,2.8,66.6,0.0,0.1,22.2,0.9,1.3,67.6,1.1,1.9,3.1,0.6,0.7,0.4,2.3,0.5,4.6
Dewayne Dedmon,394.0,194.0,18.3,2.5,4.9,51.6,0.4,1.2,33.3,0.9,1.3,73.2,1.6,4.4,6.0,0.7,0.9,0.5,2.6,1.0,6.4
Jeff Teague,771.0,593.0,27.5,4.4,10.0,44.5,0.9,2.4,35.6,2.8,3.3,84.4,0.3,2.1,2.5,5.8,0.3,1.2,1.9,2.3,12.6
John Collins,176.0,126.0,28.3,6.4,11.3,57.1,0.7,2.0,36.9,2.6,3.4,75.7,2.9,5.9,8.8,1.6,1.1,0.6,3.1,1.7,16.2
Kevin Huerter,131.0,107.0,29.1,4.0,9.7,41.6,2.0,5.2,38.3,0.7,0.9,78.3,0.7,2.9,3.6,3.3,0.4,0.9,2.2,1.5,10.8
Skal Labissiere,148.0,43.0,17.5,2.9,5.9,49.2,0.2,0.6,35.3,1.2,1.6,74.8,1.5,3.0,4.5,1.0,0.7,0.4,2.1,1.0,7.2
Trae Young,141.0,141.0,32.8,7.6,17.8,42.8,2.6,7.4,34.4,5.8,6.9,84.7,0.7,3.3,3.9,8.6,0.2,1.0,1.7,4.2,23.6
Treveon Graham,180.0,44.0,16.0,1.5,3.9,38.3,0.7,2.0,33.3,0.6,0.8,69.1,0.7,1.6,2.2,0.8,0.1,0.4,1.7,0.4,4.2
Vince Carter,1541.0,982.0,30.1,6.0,13.8,43.5,1.5,4.0,37.1,3.1,3.9,79.8,1.1,3.2,4.3,3.1,0.6,1.0,2.6,1.7,16.7
Bismack Biyombo,636.0,271.0,20.2,1.9,3.7,52.0,0.0,0.0,0.0,1.3,2.2,57.5,2.0,4.3,6.2,0.5,1.3,0.3,2.2,0.9,5.1
Caleb Martin,18.0,1.0,17.6,2.1,4.7,44.0,1.1,2.1,54.1,0.9,1.2,81.0,0.6,1.6,2.1,1.3,0.4,0.7,1.8,0.8,6.2
Cody Martin,48.0,3.0,18.8,1.9,4.3,43.0,0.4,1.6,23.4,0.9,1.4,64.6,0.8,2.5,3.3,2.0,0.2,0.8,1.6,0.9,5.0
Cody Zeller,419.0,252.0,22.9,3.2,6.3,51.3,0.1,0.3,24.8,2.1,2.9,73.1,2.0,4.0,6.0,1.4,0.7,0.7,2.6,1.1,8.6
Dwayne Bacon,135.0,30.0,16.0,2.1,5.1,40.3,0.5,1.5,34.5,0.7,0.9,71.8,0.2,2.1,2.3,1.0,0.1,0.4,1.3,0.6,5.3
Jalen McDaniels,16.0,0.0,18.3,2.1,4.4,47.1,0.6,1.5,37.5,0.9,1.1,82.4,0.9,3.1,4.1,0.8,0.2,0.5,2.3,0.7,5.6
Joe Chealey,5.0,0.0,8.2,0.2,2.0,10.0,0.0,0.8,0.0,0.4,0.4,100.0,0.0,0.0,0.0,0.4,0.0,0.8,0.6,0.4,0.8
Kobi Simmons,33.0,12.0,19.5,2.4,5.7,42.3,0.3,1.2,28.2,0.8,0.8,100.0,0.4,1.1,1.5,2.1,0.2,0.5,1.8,1.3,5.9
Malik Monk,191.0,1.0,17.2,3.1,7.8,39.5,1.3,4.1,32.2,1.1,1.3,85.0,0.3,1.6,1.9,1.7,0.2,0.4,1.3,1.1,8.6
Miles Bridges,145.0,89.0,25.5,3.8,8.7,44.0,1.1,3.4,32.8,1.1,1.4,78.8,1.1,3.7,4.7,1.4,0.7,0.7,1.7,1.0,9.9
Nicolas Batum,789.0,714.0,31.3,4.1,9.5,43.4,1.6,4.4,35.7,1.8,2.1,84.1,1.1,4.2,5.2,3.8,0.6,0.9,1.8,1.8,11.6
PJ Washington,58.0,57.0,30.3,4.6,10.2,45.5,1.5,4.0,37.4,1.5,2.3,64.7,1.0,4.4,5.4,2.1,0.8,0.9,2.7,1.6,12.2
Ray Spalding,14.0,3.0,10.6,1.8,3.4,53.2,0.0,0.2,0.0,0.3,0.9,33.3,1.1,2.4,3.4,0.4,0.6,0.6,1.6,0.6,3.9
Terry Rozier,335.0,93.0,22.7,3.4,8.7,39.4,1.5,4.1,37.1,1.2,1.5,81.3,0.6,3.1,3.7,2.7,0.2,0.8,1.3,1.1,9.6
Willy Hernangomez,209.0,26.0,14.4,2.7,5.1,53.1,0.1,0.4,33.0,1.4,2.0,68.7,1.9,3.5,5.4,1.0,0.4,0.4,1.6,1.1,6.9
Andre Iguodala,1122.0,779.0,33.2,4.3,9.3,46.6,0.9,2.7,33.4,2.5,3.5,70.9,0.9,4.1,5.1,4.3,0.5,1.5,1.8,1.9,12.0
Bam Adebayo,216.0,112.0,25.5,4.0,7.2,55.8,0.0,0.2,11.4,2.5,3.5,71.1,2.1,5.6,7.7,2.9,0.9,0.8,2.3,1.7,10.5
Chris Silva,41.0,0.0,7.5,1.0,1.7,62.3,0.0,0.0,0.0,0.8,1.2,69.4,1.3,1.3,2.7,0.5,0.4,0.2,2.0,0.8,2.9
Duncan Robinson,80.0,61.0,26.4,3.8,8.2,46.1,3.2,7.2,43.8,0.7,0.7,88.1,0.1,2.8,2.9,1.2,0.2,0.5,2.4,0.8,11.4
Gabe Vincent,6.0,0.0,7.0,0.7,3.2,21.1,0.7,2.7,25.0,0.0,0.0,0.0,0.0,0.5,0.5,0.5,0.0,0.2,0.3,0.0,2.0
Goran Dragic,812.0,509.0,28.0,5.1,11.0,46.4,1.2,3.3,36.4,2.5,3.3,76.3,0.7,2.3,3.1,4.8,0.2,1.0,2.3,2.3,13.9
Jae Crowder,601.0,290.0,24.7,3.3,7.9,41.9,1.4,4.2,33.6,1.6,2.0,77.9,0.7,3.4,4.1,1.5,0.3,1.0,2.0,0.9,9.5
Jimmy Butler,577.0,472.0,33.1,5.5,12.2,45.4,0.9,2.6,33.3,5.1,6.1,83.5,1.5,3.6,5.1,3.7,0.5,1.6,1.4,1.5,17.0
KZ Okpala,5.0,0.0,5.2,0.6,1.0,60.0,0.0,0.2,0.0,0.2,0.4,50.0,0.2,0.8,1.0,0.2,0.2,0.4,0.4,0.2,1.4
Kelly Olynyk,492.0,100.0,21.2,3.5,7.3,47.8,1.1,3.0,37.5,1.5,1.9,77.3,1.2,3.7,4.8,1.9,0.4,0.7,2.8,1.4,9.6
Kendrick Nunn,62.0,62.0,29.8,6.1,13.7,44.8,2.1,5.8,36.2,1.2,1.5,83.7,0.3,2.4,2.7,3.4,0.2,0.8,2.3,1.6,15.6
Meyers Leonard,442.0,91.0,16.0,2.2,4.5,48.3,0.7,1.9,39.2,0.6,0.7,81.3,0.7,3.2,3.9,0.9,0.3,0.2,2.2,0.7,5.6
Solomon Hill,359.0,172.0,22.0,2.0,5.1,39.6,0.8,2.4,33.8,1.0,1.3,80.0,0.7,2.5,3.2,1.6,0.2,0.7,1.7,0.9,5.8
Tyler Herro,47.0,6.0,27.2,4.7,11.3,41.4,2.1,5.4,39.1,1.4,1.7,83.5,0.3,3.7,4.0,1.9,0.1,0.6,1.3,1.5,12.9
Udonis Haslem,857.0,499.0,25.1,3.1,6.3,48.9,0.0,0.1,7.0,1.4,1.9,75.5,1.9,4.8,6.7,0.9,0.3,0.5,2.4,0.9,7.6
Aaron Gordon,399.0,310.0,28.6,4.8,10.7,44.7,1.1,3.4,31.8,2.0,2.9,70.1,1.6,4.8,6.4,2.4,0.6,0.8,2.0,1.4,12.7
BJ Johnson,15.0,0.0,6.3,0.9,2.4,38.9,0.3,0.9,30.8,0.3,0.3,100.0,0.2,0.7,0.9,0.1,0.0,0.3,0.3,0.3,2.4
Evan Fournier,518.0,376.0,28.4,5.1,11.3,44.9,1.8,4.7,37.6,2.1,2.6,80.7,0.4,2.3,2.7,2.6,0.1,0.9,2.4,1.7,14.1
Gary Clark,86.0,3.0,12.4,1.0,2.9,34.9,0.8,2.6,30.8,0.2,0.2,93.8,0.6,1.7,2.3,0.4,0.5,0.3,0.9,0.1,3.0
Jonathan Isaac,134.0,106.0,26.0,3.5,8.0,43.2,1.0,3.0,32.8,1.4,1.7,79.4,1.3,4.2,5.5,1.1,1.5,1.1,2.0,1.1,9.3
Khem Birch,132.0,25.0,15.1,1.6,3.0,54.8,0.0,0.0,0.0,1.1,1.6,66.8,1.7,2.5,4.2,0.8,0.5,0.4,1.5,0.5,4.3
Markelle Fultz,97.0,74.0,25.7,4.4,9.7,45.6,0.4,1.4,25.6,1.4,2.1,66.8,0.7,2.6,3.4,4.6,0.2,1.2,2.1,1.8,10.6
Mo Bamba,107.0,1.0,15.3,2.3,4.9,47.4,0.5,1.6,33.3,0.6,1.0,62.4,1.5,3.5,5.0,0.8,1.4,0.3,2.0,0.8,5.8
Nikola Vucevic,590.0,529.0,30.3,7.0,14.0,49.9,0.4,1.3,33.1,1.6,2.2,74.5,2.7,7.5,10.2,2.6,0.9,0.9,2.5,1.7,16.0
Terrence Ross,555.0,176.0,24.6,4.0,9.6,42.1,1.9,5.1,37.1,1.0,1.2,82.5,0.4,2.5,2.8,1.1,0.3,0.8,1.7,0.9,11.0
Vic Law,5.0,0.0,1.8,0.0,0.6,0.0,0.0,0.2,0.0,0.0,0.4,0.0,0.0,0.2,0.2,0.0,0.0,0.0,0.0,0.0,0.0
Wes Iwundu,175.0,43.0,17.5,1.6,3.9,41.3,0.3,1.1,30.7,1.0,1.3,79.6,0.5,1.9,2.5,1.0,0.3,0.5,1.5,0.5,4.6
Admiral Schofield,27.0,2.0,10.9,1.1,2.8,40.0,0.5,1.7,29.8,0.3,0.5,69.2,0.2,1.0,1.3,0.5,0.1,0.3,1.5,0.3,3.1
Anzejs Pasecniks,24.0,0.0,16.9,2.3,4.4,52.8,0.0,0.1,0.0,1.3,2.3,59.3,1.6,2.5,4.1,0.7,0.5,0.3,2.7,0.9,6.0
Bradley Beal,545.0,511.0,34.6,7.6,16.9,45.2,2.3,6.0,38.0,3.4,4.2,80.7,0.8,3.2,4.0,4.0,0.4,1.1,2.2,2.3,21.0
Davis Bertans,274.0,32.0,18.6,2.7,6.1,44.1,1.9,4.5,41.1,0.8,1.0,84.9,0.4,2.4,2.8,1.1,0.4,0.4,1.6,0.6,8.0
Garrison Mathews,18.0,0.0,12.6,1.3,3.1,42.9,1.1,2.6,41.3,1.7,1.9,91.2,0.3,1.0,1.3,0.6,0.1,0.4,1.8,0.4,5.4
Ian Mahinmi,618.0,133.0,16.8,1.9,3.6,53.3,0.0,0.1,16.0,1.3,2.1,61.2,1.5,2.9,4.4,0.6,0.7,0.6,2.6,1.0,5.2
Isaac Bonga,80.0,41.0,14.3,1.3,2.7,46.5,0.3,0.8,34.9,0.8,1.0,77.2,0.9,1.7,2.6,1.0,0.3,0.6,1.8,0.6,3.6
Ish Smith,602.0,161.0,20.1,3.3,7.6,43.0,0.4,1.3,31.8,0.7,1.1,67.9,0.4,2.1,2.4,3.9,0.2,0.7,1.3,1.3,7.7
Jerome Robinson,88.0,4.0,12.1,1.4,3.7,36.5,0.6,1.8,30.4,0.3,0.4,68.4,0.1,1.5,1.7,1.0,0.2,0.4,1.5,0.5,3.6
John Wall,573.0,561.0,35.9,6.9,15.9,43.3,0.9,2.9,32.4,4.3,5.5,78.1,0.6,3.8,4.3,9.2,0.7,1.7,2.2,3.8,19.0
Johnathan Williams,35.0,5.0,14.5,2.3,3.9,60.0,0.0,0.1,0.0,0.9,1.5,56.6,1.8,2.3,4.1,0.5,0.4,0.3,2.1,0.6,5.5
Moritz Wagner,80.0,10.0,14.4,2.5,5.0,50.6,0.6,1.8,31.3,1.4,1.7,81.5,0.9,2.6,3.5,0.9,0.4,0.4,2.4,1.2,7.0
Rui Hachimura,41.0,41.0,29.7,5.3,11.1,47.8,0.5,1.8,27.4,2.2,2.7,82.9,1.5,4.5,6.0,1.7,0.2,0.8,2.2,1.0,13.4
Shabazz Napier,340.0,53.0,17.3,2.3,5.9,39.7,1.0,2.9,34.6,1.4,1.7,81.5,0.3,1.6,1.9,2.5,0.1,0.8,1.2,1.3,7.0
Thomas Bryant,125.0,81.0,19.8,4.0,6.6,60.4,0.4,1.3,34.4,1.5,1.9,75.5,1.5,4.3,5.8,1.4,0.8,0.3,1.7,0.9,9.9
Gary Harris,368.0,306.0,29.0,4.5,10.0,45.4,1.5,4.1,36.0,1.6,1.9,80.3,0.6,2.0,2.6,2.1,0.2,1.3,1.8,1.2,12.1
Jamal Murray,293.0,218.0,29.3,5.7,13.0,43.9,1.8,5.1,35.8,2.3,2.6,88.2,0.8,2.8,3.6,3.7,0.3,0.9,1.9,1.9,15.6
Jerami Grant,447.0,167.0,24.4,3.2,7.0,46.3,0.8,2.3,34.8,1.9,2.9,66.6,0.9,2.9,3.9,1.1,1.1,0.6,2.3,0.9,9.2
Mason Plumlee,524.0,257.0,21.6,3.3,5.7,57.4,0.0,0.1,6.5,1.8,3.2,56.3,2.0,4.3,6.2,2.2,0.9,0.8,2.7,1.5,8.3
Monte Morris,150.0,14.0,22.6,3.8,7.9,48.0,1.0,2.5,39.8,0.8,1.0,81.4,0.4,1.7,2.1,3.6,0.1,0.9,1.1,0.7,9.4
Nikola Jokic,373.0,332.0,29.0,6.5,12.4,52.4,0.9,2.7,33.8,3.0,3.6,82.5,2.6,7.1,9.7,5.4,0.7,1.1,2.8,2.5,16.9
Noah Vonleh,332.0,171.0,17.0,1.9,4.2,46.0,0.3,0.9,31.0,0.9,1.3,69.2,1.4,3.8,5.2,0.8,0.4,0.4,1.8,0.8,5.0
PJ Dozier,29.0,0.0,9.9,1.6,3.9,39.5,0.3,1.2,25.0,0.3,0.4,61.5,0.4,1.3,1.7,1.2,0.2,0.3,1.0,0.4,3.7
Paul Millsap,989.0,702.0,29.1,5.3,10.7,49.1,0.5,1.4,34.3,3.0,4.1,73.7,2.2,5.1,7.3,2.3,1.0,1.3,3.1,1.8,14.0
Torrey Craig,164.0,61.0,18.3,1.9,4.3,45.0,0.7,2.2,32.1,0.6,0.8,66.9,1.1,2.3,3.3,0.8,0.6,0.4,2.1,0.5,5.1
Troy Daniels,334.0,20.0,14.9,2.3,5.6,40.1,1.6,4.1,39.6,0.4,0.5,79.9,0.2,1.1,1.3,0.5,0.1,0.3,1.3,0.6,6.6
Vlatko Cancar,14.0,0.0,3.2,0.4,1.1,40.0,0.1,0.4,16.7,0.3,0.3,100.0,0.4,0.4,0.7,0.2,0.1,0.1,0.5,0.2,1.2
Will Barton,496.0,161.0,24.4,4.1,9.5,43.4,1.2,3.3,34.7,1.7,2.2,78.6,0.8,3.5,4.2,2.5,0.4,0.7,1.6,1.4,11.1
Evan Turner,705.0,295.0,26.9,3.9,9.0,43.4,0.4,1.3,29.4,1.5,1.9,78.2,0.6,4.1,4.6,3.5,0.3,0.8,2.0,1.8,9.7
Jacob Evans,59.0,2.0,10.5,1.1,3.2,33.7,0.3,0.9,31.5,0.4,0.5,83.3,0.3,0.9,1.1,0.9,0.3,0.3,1.2,0.6,2.8
Jake Layman,164.0,37.0,13.7,2.1,4.5,45.6,0.6,2.0,30.9,0.5,0.8,72.4,0.5,1.4,1.9,0.5,0.3,0.4,1.2,0.5,5.3
James Johnson,634.0,220.0,20.6,3.1,6.6,47.7,0.5,1.6,31.0,1.2,1.7,69.3,0.8,2.8,3.6,2.1,0.9,0.8,2.2,1.5,8.0
Jarred Vanderbilt,28.0,0.0,4.1,0.5,1.0,51.9,0.0,0.1,0.0,0.3,0.4,66.7,0.4,0.8,1.1,0.2,0.1,0.3,0.5,0.5,1.3
Jarrett Culver,63.0,35.0,23.9,3.7,9.0,40.4,1.0,3.5,29.9,0.9,1.9,46.2,1.1,2.3,3.4,1.7,0.6,0.9,2.0,1.3,9.2
Jaylen Nowell,15.0,0.0,10.1,1.3,3.5,35.8,0.2,1.7,11.5,1.1,1.1,94.1,0.2,0.7,0.9,1.3,0.1,0.2,0.7,0.2,3.8
Jordan McLaughlin,30.0,2.0,19.7,2.9,5.9,48.9,1.0,2.5,38.2,0.9,1.3,66.7,0.2,1.4,1.6,4.2,0.1,1.1,1.0,1.0,7.6
Josh Okogie,136.0,80.0,24.3,2.7,6.7,40.4,0.7,2.7,27.4,2.0,2.6,76.5,0.9,2.6,3.6,1.4,0.4,1.1,2.2,1.1,8.1
Juan Hernangomez,205.0,51.0,16.1,1.8,4.2,42.8,0.8,2.3,35.9,0.9,1.2,72.2,0.8,2.6,3.4,0.7,0.2,0.4,1.2,0.5,5.3
Kelan Martin,31.0,4.0,16.0,2.3,5.8,39.2,0.8,3.1,26.0,1.0,1.0,96.8,0.4,2.7,3.1,0.7,0.3,0.2,1.6,0.6,6.4
Malik Beasley,220.0,33.0,17.5,3.1,6.9,44.8,1.4,3.6,38.8,0.6,0.8,80.0,0.3,1.7,2.0,1.0,0.1,0.5,1.1,0.7,8.2
Naz Reid,30.0,11.0,16.5,3.3,8.1,41.2,1.1,3.2,33.0,1.2,1.8,69.8,1.1,3.0,4.1,1.2,0.7,0.6,2.8,0.7,9.0
Omari Spellman,95.0,14.0,17.8,2.4,5.7,41.7,0.9,2.5,36.6,1.1,1.4,76.6,1.6,2.8,4.3,1.0,0.5,0.6,1.4,0.9,6.8
Abdel Nader,157.0,7.0,12.6,1.5,3.7,41.3,0.6,1.7,34.8,0.6,0.9,71.5,0.3,1.5,1.8,0.5,0.3,0.4,1.1,0.6,4.3
Andre Roberson,295.0,269.0,22.5,1.9,4.0,48.2,0.4,1.4,25.7,0.4,0.9,46.7,1.2,2.8,4.0,0.9,0.7,0.9,2.2,0.6,4.6
Chris Paul,1013.0,1013.0,34.9,6.5,13.8,47.0,1.4,3.7,37.0,4.2,4.8,87.0,0.7,3.9,4.5,9.5,0.1,2.2,2.4,2.4,18.5
Danilo Gallinari,604.0,534.0,31.0,4.9,11.5,42.7,2.0,5.2,38.1,4.4,5.0,87.2,0.7,4.2,4.9,2.0,0.4,0.8,1.8,1.3,16.2
Darius Bazley,53.0,8.0,17.2,1.7,4.3,38.3,0.6,1.9,30.0,0.6,0.9,68.1,0.4,3.3,3.7,0.5,0.7,0.4,0.8,0.8,4.5
Dennis Schroder,494.0,176.0,25.5,5.3,12.2,43.6,1.1,3.4,33.6,2.3,2.8,82.8,0.4,2.4,2.8,4.6,0.1,0.8,1.9,2.4,14.1
Deonte Burton,66.0,0.0,7.9,1.1,2.8,38.5,0.3,1.1,24.7,0.2,0.4,58.3,0.2,1.0,1.2,0.3,0.3,0.2,0.9,0.3,2.7
Hamidou Diallo,89.0,6.0,13.8,2.0,4.3,45.3,0.1,0.7,18.6,0.7,1.2,61.5,0.8,1.7,2.5,0.4,0.2,0.6,1.8,0.7,4.8
Isaiah Roby,3.0,0.0,3.7,0.0,0.3,0.0,0.0,0.0,0.0,0.0,0.0,0.0,0.0,0.7,0.7,0.0,0.0,0.0,0.3,0.3,0.0
Kevin Hervey,7.0,0.0,2.7,0.1,1.6,9.1,0.0,1.1,0.0,0.0,0.0,0.0,0.0,0.3,0.3,0.1,0.0,0.0,0.1,0.0,0.3
Luguentz Dort,29.0,21.0,22.0,2.2,5.4,41.4,0.8,2.5,30.1,1.0,1.2,77.8,0.5,1.3,1.9,0.7,0.1,0.8,2.7,0.5,6.2
Mike Muscala,348.0,28.0,15.5,2.0,4.4,46.1,0.8,2.1,36.4,0.8,0.9,83.9,0.9,2.3,3.1,0.9,0.5,0.4,1.5,0.6,5.6
Nerlens Noel,355.0,166.0,22.2,3.3,6.2,54.2,0.0,0.0,28.6,1.4,2.2,64.8,1.9,4.3,6.2,1.2,1.4,1.3,2.5,1.4,8.1
Steven Adams,525.0,461.0,26.8,4.1,6.9,58.9,0.0,0.0,10.0,1.7,3.0,55.8,3.5,4.1,7.6,1.2,1.0,0.9,2.6,1.4,9.8
Terrance Ferguson,185.0,123.0,20.9,1.8,4.3,41.2,1.0,3.1,34.0,0.3,0.4,76.3,0.4,1.0,1.4,0.7,0.2,0.5,2.5,0.5,4.9
Anfernee Simons,85.0,5.0,18.1,2.8,6.9,40.6,1.0,2.9,33.9,1.0,1.3,78.7,0.3,1.6,1.9,1.3,0.1,0.3,1.6,0.8,7.6
CJ McCollum,473.0,376.0,30.8,7.1,15.6,45.5,2.1,5.3,39.7,2.2,2.6,82.7,0.6,2.7,3.3,3.1,0.4,0.9,2.2,1.7,18.4
Caleb Swanigan,75.0,4.0,8.7,0.9,2.1,43.8,0.0,0.2,11.8,0.4,0.6,61.4,0.8,2.1,2.9,0.7,0.1,0.2,1.7,1.0,2.3
Carmelo Anthony,1114.0,1106.0,35.7,8.5,18.9,44.8,1.3,3.7,34.8,5.4,6.7,81.2,1.7,4.8,6.5,2.9,0.5,1.0,2.9,2.6,23.6
Damian Lillard,607.0,607.0,36.3,7.9,18.2,43.6,2.9,7.7,37.1,5.3,6.0,88.9,0.6,3.6,4.2,6.5,0.3,1.0,2.0,2.8,24.0
Hassan Whiteside,404.0,320.0,26.8,5.8,9.9,58.2,0.0,0.1,32.0,2.3,3.7,60.6,3.4,8.4,11.8,0.7,2.4,0.6,2.7,1.6,13.8
Jaylen Hoard,13.0,0.0,7.9,1.2,2.5,46.9,0.0,0.2,0.0,0.6,1.0,61.5,1.1,1.4,2.5,0.3,0.0,0.4,0.9,0.3,2.9
Jusuf Nurkic,310.0,229.0,22.9,4.7,9.5,49.1,0.0,0.1,7.1,2.3,3.5,66.6,2.5,5.5,8.0,1.9,1.3,0.8,3.1,2.0,11.6
Mario Hezonja,324.0,69.0,18.5,2.6,6.2,41.8,0.8,2.5,32.1,0.9,1.2,81.3,0.4,2.7,3.1,1.3,0.2,0.7,1.6,1.1,7.0
Moses Brown,9.0,0.0,3.7,0.4,1.1,40.0,0.0,0.0,0.0,0.3,0.9,37.5,0.3,1.2,1.6,0.1,0.1,0.1,0.8,0.3,1.2
Nassir Little,48.0,5.0,11.9,1.4,3.1,43.0,0.3,1.2,23.7,0.6,0.9,63.6,0.6,1.6,2.3,0.5,0.3,0.3,1.5,0.3,3.6
Rodney Hood,341.0,248.0,27.3,4.5,10.6,42.6,1.7,4.6,37.2,1.7,2.1,83.9,0.4,2.5,2.9,1.9,0.2,0.8,2.2,1.1,12.5
Trevor Ariza,1064.0,731.0,29.7,3.8,8.9,42.3,1.4,4.1,35.2,1.6,2.2,73.2,1.0,3.8,4.8,2.2,0.3,1.5,2.0,1.4,10.5
Wenyen Gabriel,28.0,1.0,7.5,0.7,1.6,43.5,0.2,0.7,30.0,0.5,0.7,70.0,0.6,1.0,1.6,0.3,0.2,0.4,1.3,0.6,2.1
Zach Collins,146.0,4.0,17.0,2.1,4.8,44.2,0.5,1.7,32.4,0.9,1.2,73.0,1.1,2.7,3.8,0.9,0.7,0.3,2.2,1.0,5.7
Bojan Bogdanovic,462.0,345.0,28.5,5.0,10.8,46.0,1.9,4.8,39.4,2.4,2.7,85.8,0.5,3.0,3.5,1.5,0.1,0.6,1.6,1.6,14.2
Donovan Mitchell,219.0,211.0,33.8,8.3,18.8,44.0,2.4,6.8,35.5,3.7,4.5,82.1,0.7,3.3,4.1,4.0,0.3,1.3,2.6,2.7,22.7
Ed Davis,665.0,95.0,19.9,2.6,4.6,56.8,0.0,0.0,0.0,1.1,1.9,58.3,2.3,4.4,6.7,0.8,0.8,0.5,2.5,0.8,6.3
Emmanuel Mudiay,294.0,164.0,24.1,4.1,10.2,40.1,0.9,2.9,32.3,1.9,2.6,74.3,0.5,2.5,3.0,3.8,0.3,0.7,1.6,2.2,11.1
Georges Niang,149.0,0.0,9.5,1.5,3.3,44.4,0.8,2.1,39.5,0.3,0.3,84.0,0.2,1.3,1.5,0.5,0.1,0.2,0.9,0.4,4.0
Jarrell Brantley,5.0,0.0,2.6,0.0,0.0,0.0,0.0,0.0,0.0,0.0,0.0,0.0,0.0,1.0,1.0,0.2,0.4,0.0,0.4,0.4,0.0
Joe Ingles,470.0,260.0,25.4,3.0,6.6,44.6,1.7,4.1,40.7,0.7,0.9,74.8,0.3,2.9,3.2,3.6,0.2,1.0,1.9,1.6,8.2
Jordan Clarkson,445.0,138.0,27.1,5.7,12.7,44.7,1.5,4.3,34.1,1.9,2.4,81.8,0.9,2.3,3.2,2.6,0.1,0.9,1.7,1.7,14.8
Juwan Morgan,16.0,0.0,4.6,0.6,1.1,52.9,0.1,0.3,20.0,0.0,0.0,0.0,0.3,0.9,1.2,0.1,0.1,0.0,0.4,0.2,1.2
Mike Conley,829.0,792.0,32.4,5.3,12.0,43.9,1.4,3.8,37.5,2.9,3.5,81.8,0.4,2.5,3.0,5.7,0.2,1.4,2.0,2.0,14.8
Miye Oni,5.0,0.0,2.2,0.0,0.4,0.0,0.0,0.2,0.0,0.0,0.0,0.0,0.0,0.4,0.4,0.0,0.0,0.0,0.0,0.2,0.0
Rayjon Tucker,14.0,0.0,5.6,0.6,1.4,42.1,0.0,0.4,0.0,0.2,0.4,60.0,0.1,0.8,0.9,0.1,0.0,0.1,0.5,0.2,1.4
Rudy Gobert,468.0,376.0,29.5,4.3,6.7,64.0,0.0,0.0,0.0,3.1,4.9,62.9,3.3,7.7,11.0,1.4,2.2,0.7,2.6,1.6,11.7
Tony Bradley,62.0,2.0,9.7,1.8,2.9,62.6,0.0,0.0,50.0,0.5,0.7,65.9,1.7,2.2,3.9,0.3,0.4,0.2,1.7,0.4,4.2
Alen Smailagic,14.0,0.0,9.9,1.4,2.9,50.0,0.2,0.9,23.1,1.1,1.4,84.2,0.7,1.2,1.9,0.9,0.3,0.2,1.0,0.8,4.2
Andrew Wiggins,454.0,454.0,35.8,7.3,16.5,44.1,1.2,3.6,33.2,4.0,5.4,73.2,1.3,3.1,4.4,2.3,0.6,1.0,2.2,2.1,19.7
Chasson Randle,78.0,2.0,13.9,1.7,4.1,41.1,0.8,2.1,37.8,1.1,1.4,80.2,0.2,0.9,1.2,1.7,0.1,0.5,1.7,0.8,5.3
Damion Lee,96.0,47.0,22.9,3.4,8.2,41.9,1.3,3.8,34.6,1.6,1.8,85.3,0.5,3.4,3.9,1.8,0.1,0.9,1.8,1.0,9.8
Draymond Green,576.0,428.0,28.1,3.3,7.5,43.5,0.9,2.8,31.9,1.6,2.2,71.0,1.1,5.8,6.9,5.0,1.1,1.4,2.8,2.1,9.0
Eric Paschall,60.0,26.0,27.6,5.3,10.7,49.7,0.6,2.2,28.7,2.7,3.5,77.4,1.4,3.2,4.6,2.1,0.2,0.5,2.1,1.6,14.0
Jordan Poole,57.0,14.0,22.4,2.9,8.8,33.3,1.3,4.6,27.9,1.7,2.1,79.8,0.2,1.9,2.1,2.4,0.2,0.6,1.6,1.3,8.8
Kevon Looney,224.0,36.0,13.9,1.9,3.3,57.0,0.0,0.2,15.0,0.6,1.0,60.1,1.6,2.1,3.7,1.0,0.6,0.5,1.9,0.5,4.4
Klay Thompson,615.0,578.0,33.1,7.3,16.0,45.9,2.9,7.0,41.9,1.9,2.3,84.8,0.4,3.0,3.5,2.3,0.5,0.9,2.1,1.7,19.5
Ky Bowman,45.0,12.0,22.6,3.0,7.1,41.7,0.7,2.4,30.8,0.8,0.9,82.9,0.5,2.2,2.7,2.9,0.2,1.0,2.3,1.6,7.4
Marquese Chriss,256.0,147.0,19.4,3.0,6.5,45.6,0.6,2.1,29.0,1.4,2.1,66.9,1.3,3.6,4.9,1.1,0.8,0.7,2.6,1.3,8.0
Mychal Mulder,7.0,3.0,29.1,3.7,9.6,38.8,2.3,7.4,30.8,1.3,1.7,75.0,0.4,2.9,3.3,1.1,0.1,0.3,2.9,0.7,11.0
Stephen Curry,699.0,693.0,34.3,8.1,17.1,47.6,3.6,8.2,43.5,3.7,4.0,90.6,0.7,3.8,4.5,6.6,0.2,1.7,2.5,3.1,23.5
Amir Coffey,13.0,0.0,7.5,1.0,2.5,39.4,0.1,0.5,14.3,0.1,0.2,33.3,0.3,0.8,1.1,0.7,0.1,0.1,0.9,0.2,2.2
Ivica Zubac,204.0,110.0,15.8,2.9,5.3,55.9,0.0,0.0,0.0,1.4,1.8,76.0,1.8,3.6,5.4,0.9,0.8,0.2,1.9,0.9,7.3
JaMychal Green,354.0,151.0,21.9,3.1,6.5,47.0,0.7,2.0,36.8,1.2,1.6,76.7,1.8,4.3,6.2,0.9,0.4,0.6,2.7,1.1,8.1
Joakim Noah,667.0,512.0,27.9,3.4,6.8,49.1,0.0,0.0,0.0,2.1,3.0,70.0,3.2,5.9,9.1,2.8,1.3,0.8,2.8,1.7,8.8
Johnathan Motley,46.0,4.0,8.1,2.0,3.5,55.2,0.0,0.2,20.0,1.0,1.6,58.7,0.8,1.6,2.4,0.6,0.1,0.2,1.1,0.7,4.9
Kawhi Leonard,518.0,491.0,31.0,6.7,13.6,49.1,1.4,3.8,38.1,3.7,4.4,85.4,1.2,5.2,6.4,2.7,0.7,1.8,1.7,1.6,18.6
Landry Shamet,126.0,54.0,24.6,3.1,7.2,42.5,2.2,5.3,41.0,1.0,1.2,84.6,0.2,1.6,1.8,1.6,0.2,0.4,2.3,0.6,9.3
Lou Williams,996.0,118.0,24.9,4.7,11.1,42.0,1.4,3.9,35.0,3.8,4.6,84.0,0.4,1.9,2.3,3.5,0.2,0.9,1.3,1.7,14.5
Mfiondu Kabengele,12.0,0.0,5.3,1.2,2.7,43.8,0.8,1.7,45.0,0.4,0.4,100.0,0.1,0.8,0.9,0.2,0.2,0.2,0.8,0.2,3.5
Montrezl Harrell,318.0,25.0,20.9,5.2,8.4,61.4,0.0,0.2,10.0,2.3,3.6,63.8,1.7,3.2,4.9,1.3,0.9,0.6,2.3,1.2,12.7
Patrick Beverley,428.0,348.0,28.2,3.2,7.6,41.4,1.6,4.2,38.0,1.0,1.3,76.2,1.2,3.2,4.4,3.5,0.4,1.2,3.1,1.3,8.9
Patrick Patterson,673.0,99.0,21.1,2.6,5.9,44.8,0.9,2.3,36.9,0.6,0.8,75.2,1.2,2.8,4.0,1.0,0.4,0.5,1.6,0.6,6.7
Paul George,646.0,598.0,33.5,6.7,15.6,43.3,2.4,6.4,38.0,4.0,4.8,84.6,0.9,5.5,6.4,3.3,0.4,1.7,2.7,2.6,19.9
Reggie Jackson,553.0,343.0,25.2,4.8,11.2,42.8,1.2,3.5,33.6,2.1,2.5,85.7,0.5,2.4,3.0,4.4,0.1,0.7,1.9,1.9,12.9
Rodney McGruder,212.0,115.0,21.5,2.2,5.4,41.1,0.9,2.6,33.8,0.5,0.8,64.2,0.9,2.2,3.1,1.3,0.2,0.5,1.6,0.7,5.9
Terance Mann,35.0,6.0,7.7,0.6,1.5,40.7,0.1,0.3,25.0,0.3,0.3,75.0,0.1,0.8,0.9,1.1,0.1,0.2,1.0,0.4,1.6
Alex Caruso,120.0,12.0,17.7,2.0,4.6,43.2,0.6,1.7,37.5,1.1,1.4,76.5,0.4,1.6,2.0,2.1,0.3,0.9,1.6,1.1,5.7
Anthony Davis,521.0,516.0,34.5,8.9,17.3,51.7,0.5,1.5,31.9,5.7,7.1,80.1,2.6,7.9,10.4,2.2,2.4,1.4,2.4,1.9,24.0
Avery Bradley,571.0,493.0,28.3,4.7,10.8,43.6,1.3,3.6,36.4,1.0,1.3,78.0,0.6,2.3,2.9,1.8,0.2,1.0,2.2,1.4,11.8
Danny Green,681.0,605.0,25.4,3.2,7.5,42.4,1.9,4.7,40.2,0.7,0.9,81.0,0.6,2.9,3.5,1.6,0.8,1.0,1.8,1.0,8.9
Dion Waiters,412.0,211.0,28.3,5.0,12.2,41.2,1.4,4.0,34.8,1.7,2.5,69.2,0.4,2.3,2.7,2.8,0.3,0.9,1.9,1.8,13.2
Dwight Howard,1106.0,1045.0,33.6,6.1,10.4,58.6,0.0,0.1,13.2,4.6,8.2,56.5,3.5,8.9,12.3,1.4,1.9,0.9,3.2,2.8,16.8
JaVale McGee,694.0,310.0,17.3,3.4,5.9,57.5,0.0,0.0,15.2,1.1,1.9,59.2,1.9,3.3,5.1,0.4,1.5,0.4,2.2,1.0,7.9
Jared Dudley,887.0,286.0,22.5,2.7,5.8,46.4,1.0,2.5,39.4,1.1,1.4,73.2,0.9,2.3,3.2,1.6,0.2,0.8,1.8,0.9,7.5
Kostas Antetokounmpo,5.0,0.0,3.2,0.0,0.6,0.0,0.0,0.0,0.0,0.4,0.8,50.0,0.0,0.4,0.4,0.2,0.0,0.4,0.0,0.2,0.4
Kyle Kuzma,201.0,112.0,30.1,6.1,13.5,44.9,1.8,5.4,32.7,2.1,2.9,73.3,1.0,4.5,5.5,1.9,0.4,0.6,2.2,1.8,16.0
LeBron James,1258.0,1257.0,38.4,9.9,19.6,50.4,1.5,4.3,34.4,5.9,8.0,73.5,1.2,6.2,7.4,7.4,0.8,1.6,1.8,3.5,27.1
Markieff Morris,631.0,347.0,25.6,4.4,9.9,44.8,0.8,2.4,34.4,1.8,2.3,77.8,1.3,4.1,5.4,1.7,0.6,0.9,2.9,1.6,11.5
Quinn Cook,159.0,28.0,15.1,2.7,5.8,46.8,1.0,2.5,41.2,0.3,0.4,76.9,0.3,1.5,1.8,1.7,0.0,0.3,1.2,0.8,6.8
Rajon Rondo,873.0,729.0,31.0,4.3,9.3,45.8,0.4,1.4,31.6,1.2,2.0,60.6,1.0,3.7,4.7,8.3,0.1,1.7,2.2,2.8,10.2
Aron Baynes,469.0,137.0,15.8,2.4,4.8,49.5,0.2,0.5,32.7,1.0,1.3,80.0,1.5,3.0,4.5,0.8,0.5,0.2,2.2,0.9,6.0
Cameron Johnson,49.0,1.0,20.3,2.8,6.6,41.8,1.9,4.7,39.7,0.7,0.9,76.1,0.8,2.1,2.9,1.1,0.3,0.6,1.5,0.6,8.1
Cheick Diallo,177.0,3.0,12.1,2.2,3.7,59.8,0.0,0.0,33.3,0.8,1.1,77.0,1.0,3.2,4.2,0.4,0.4,0.3,1.5,0.6,5.3
Dario Saric,298.0,200.0,26.5,4.4,10.0,43.7,1.5,4.3,35.6,1.9,2.3,83.5,1.6,4.5,6.2,2.1,0.2,0.6,2.1,1.7,12.2
Deandre Ayton,101.0,95.0,31.5,7.6,13.2,57.2,0.0,0.1,0.0,2.0,2.6,75.3,3.4,7.4,10.8,1.8,1.2,0.8,3.0,2.0,17.1
Devin Booker,334.0,309.0,33.5,7.7,17.1,44.7,2.0,5.5,35.5,5.0,5.8,86.8,0.5,3.1,3.6,4.7,0.3,0.8,3.1,3.3,22.3
Elie Okobo,107.0,19.0,15.6,1.7,4.4,39.5,0.6,1.9,31.5,0.8,1.1,72.8,0.3,1.5,1.7,2.2,0.1,0.5,1.5,1.0,4.9
Frank Kaminsky,314.0,36.0,22.2,3.5,8.3,42.3,1.2,3.4,34.9,1.7,2.2,74.9,0.8,3.3,4.1,1.7,0.4,0.5,1.6,0.9,9.9
Jalen Lecque,4.0,0.0,6.5,1.0,2.5,40.0,0.0,1.0,0.0,0.5,0.5,100.0,0.0,0.0,0.0,0.5,0.0,0.0,0.5,0.3,2.5
Jevon Carter,89.0,5.0,15.0,1.6,4.4,35.4,0.9,2.5,36.5,0.5,0.6,82.5,0.4,1.4,1.8,1.5,0.3,0.7,1.5,0.7,4.5
Mikal Bridges,147.0,80.0,28.5,3.1,6.6,46.6,1.1,3.2,34.1,1.3,1.5,82.5,0.8,2.8,3.6,2.0,0.5,1.5,2.3,0.9,8.5
Ricky Rubio,555.0,534.0,30.9,3.7,9.4,39.1,0.9,2.7,32.6,3.1,3.7,84.0,0.7,3.6,4.2,7.8,0.1,1.9,2.6,2.7,11.3
Tariq Owens,3.0,0.0,5.0,0.3,1.7,20.0,0.0,0.7,0.0,0.7,0.7,100.0,0.7,0.3,1.0,0.0,0.0,0.3,0.3,0.0,1.3
Ty Jerome,28.0,0.0,11.3,1.3,3.8,34.9,0.5,1.7,27.7,0.4,0.5,78.6,0.2,1.3,1.5,1.5,0.1,0.5,1.0,0.6,3.5
Alex Len,461.0,180.0,19.7,3.1,6.2,49.5,0.2,0.6,33.0,1.7,2.4,69.0,2.0,4.2,6.3,0.9,1.0,0.4,2.7,1.2,8.0
Bogdan Bogdanovic,201.0,89.0,28.0,4.9,11.3,43.2,2.0,5.4,37.0,1.5,1.9,80.3,0.4,2.7,3.2,3.5,0.2,1.0,2.1,1.6,13.3
Buddy Hield,308.0,194.0,27.8,5.9,13.4,44.2,2.7,6.7,41.1,1.4,1.6,86.9,0.8,3.4,4.2,2.2,0.3,0.8,2.0,1.7,15.9
Cory Joseph,592.0,117.0,21.8,2.7,6.1,44.1,0.5,1.4,33.1,1.0,1.3,76.6,0.5,2.1,2.6,2.9,0.2,0.8,1.5,1.0,6.9
DaQuan Jeffries,6.0,0.0,3.2,0.5,1.2,42.9,0.2,0.7,25.0,0.0,0.0,0.0,0.2,0.0,0.2,0.2,0.0,0.2,0.5,0.0,1.2
Harrison Barnes,604.0,543.0,31.2,5.1,11.3,44.7,1.2,3.3,37.5,2.3,2.9,79.6,1.0,3.9,4.9,1.6,0.2,0.7,1.7,1.2,13.7
Jabari Parker,280.0,190.0,29.3,6.1,12.3,49.2,0.7,2.2,32.4,2.2,2.9,73.9,1.5,4.2,5.8,2.1,0.4,0.9,2.1,1.8,15.0
Justin James,34.0,0.0,6.4,1.0,2.3,42.3,0.3,0.8,34.6,0.3,0.6,47.6,0.2,0.7,0.9,0.5,0.3,0.2,0.5,0.2,2.5
Kent Bazemore,547.0,278.0,21.2,3.1,7.5,41.3,1.1,3.0,35.0,1.4,2.0,72.6,0.4,2.9,3.2,1.8,0.5,1.0,2.0,1.5,8.7
Kyle Guy,2.0,0.0,2.0,0.5,1.0,50.0,0.0,0.5,0.0,0.0,0.0,0.0,0.0,0.0,0.0,0.0,0.0,0.0,0.0,0.0,1.0
Nemanja Bjelica,333.0,153.0,21.8,3.0,6.5,46.5,1.2,3.1,39.3,0.8,1.0,77.0,1.2,3.6,4.8,1.7,0.4,0.7,2.5,1.0,8.0
Richaun Holmes,265.0,57.0,18.7,3.4,5.9,58.4,0.1,0.6,25.7,1.4,1.9,72.4,1.7,3.3,5.0,0.9,1.0,0.6,2.5,0.8,8.4
Yogi Ferrell,243.0,53.0,20.7,2.8,6.8,42.0,1.1,3.1,36.5,1.0,1.2,83.8,0.3,1.9,2.1,2.3,0.1,0.6,1.4,0.9,7.8
Antonius Cleveland,23.0,0.0,6.3,0.4,1.2,37.0,0.1,0.2,60.0,0.2,0.3,62.5,0.1,0.6,0.7,0.1,0.3,0.3,1.1,0.3,1.2
Boban Marjanovic,223.0,19.0,9.7,2.3,4.0,57.7,0.0,0.1,32.0,1.5,2.0,77.2,1.4,2.6,4.0,0.5,0.4,0.2,1.2,0.7,6.2
Courtney Lee,811.0,518.0,27.1,3.7,8.1,45.1,1.1,2.8,38.8,1.2,1.4,85.3,0.4,2.2,2.6,1.7,0.3,1.0,1.7,0.9,9.6
Delon Wright,263.0,23.0,19.8,2.7,6.0,45.1,0.6,1.8,34.5,1.3,1.7,79.4,0.8,2.3,3.1,2.9,0.4,1.0,1.2,1.0,7.4
Dwight Powell,371.0,88.0,18.7,2.9,5.1,56.3,0.3,0.9,29.3,1.7,2.3,73.9,1.5,3.1,4.6,1.0,0.5,0.7,2.1,0.7,7.7
Jalen Brunson,130.0,54.0,20.1,3.4,7.3,46.7,0.8,2.3,35.2,1.1,1.5,75.9,0.4,2.0,2.3,3.2,0.1,0.5,1.5,1.2,8.8
Josh Reaves,2.0,0.0,0.5,0.0,0.5,0.0,0.0,0.0,0.0,0.0,0.0,0.0,0.0,0.0,0.0,0.0,0.0,0.0,0.0,0.0,0.0
Justin Jackson,207.0,57.0,19.6,2.5,5.9,43.3,0.9,2.8,32.5,0.6,0.8,78.0,0.5,2.1,2.6,1.1,0.2,0.3,1.1,0.4,6.6
Kristaps Porzingis,237.0,236.0,31.1,6.5,15.1,43.3,1.7,4.8,35.7,3.4,4.2,79.8,1.7,5.9,7.6,1.4,2.0,0.7,3.2,1.8,18.1
Luka Doncic,126.0,126.0,32.7,8.1,18.2,44.3,2.6,8.0,32.2,5.7,7.7,73.3,1.2,7.2,8.5,7.1,0.3,1.1,2.2,3.8,24.4
Maxi Kleber,209.0,74.0,21.1,2.6,5.6,46.5,1.1,3.0,35.4,0.8,1.0,80.3,1.2,3.1,4.4,0.9,1.0,0.4,2.0,0.6,7.1
Seth Curry,251.0,73.0,22.3,3.7,7.7,47.6,1.7,3.9,44.3,1.0,1.2,84.4,0.3,1.6,2.0,1.8,0.1,0.7,1.5,1.0,10.1
Austin Rivers,544.0,149.0,24.5,3.4,8.1,41.8,1.1,3.2,34.8,1.2,1.9,64.0,0.3,1.7,2.1,2.3,0.2,0.7,2.2,1.1,9.1
Ben McLemore,431.0,253.0,23.6,3.2,7.6,42.1,1.4,3.8,36.3,1.2,1.5,78.0,0.5,2.0,2.4,1.1,0.2,0.7,2.2,1.2,9.0
Bruno Caboclo,96.0,20.0,12.8,1.5,3.9,39.7,0.6,2.0,31.4,0.5,0.6,83.6,0.8,1.8,2.6,0.7,0.6,0.3,1.3,0.6,4.2
Chris Clemons,29.0,0.0,8.7,1.8,4.3,40.5,1.1,3.2,35.1,0.2,0.2,85.7,0.1,0.7,0.8,0.8,0.2,0.2,0.7,0.6,4.9
DeMarre Carroll,575.0,339.0,23.7,3.1,7.3,43.0,1.1,3.2,35.8,1.5,2.1,74.0,1.1,3.1,4.3,1.3,0.3,0.9,2.0,0.9,8.9
Eric Gordon,663.0,508.0,32.8,5.6,13.2,42.5,2.3,6.3,37.0,3.0,3.7,81.1,0.4,2.1,2.5,2.9,0.3,0.9,2.0,2.0,16.6
Isaiah Hartenstein,51.0,2.0,9.5,1.3,2.1,59.3,0.0,0.2,18.2,0.6,0.8,71.4,1.0,1.7,2.7,0.6,0.5,0.3,1.9,0.6,3.1
James Harden,826.0,613.0,34.3,7.4,16.7,44.2,2.8,7.7,36.3,7.5,8.8,85.8,0.8,4.5,5.3,6.3,0.5,1.6,2.6,3.7,25.1
Jeff Green,900.0,543.0,29.5,4.7,10.7,44.1,1.0,3.1,33.4,2.5,3.1,80.5,0.9,3.5,4.4,1.6,0.5,0.7,2.2,1.5,13.0
Michael Frazier,8.0,0.0,8.3,0.5,1.4,36.4,0.3,1.0,25.0,0.5,0.8,66.7,0.1,0.3,0.4,0.1,0.0,0.3,1.6,0.3,1.8
Robert Covington,388.0,340.0,29.9,4.3,10.5,40.7,2.4,6.6,35.8,1.9,2.3,81.1,0.9,4.7,5.7,1.5,0.9,1.6,3.1,1.7,12.8
Russell Westbrook,874.0,856.0,34.6,8.2,18.8,43.7,1.1,3.7,30.4,5.7,7.1,80.0,1.7,5.4,7.1,8.3,0.3,1.8,2.6,4.1,23.2
Thabo Sefolosha,869.0,475.0,21.9,2.2,4.9,44.9,0.6,1.7,34.9,0.7,1.0,73.2,0.7,3.0,3.7,1.4,0.4,1.1,1.6,0.9,5.7
Tyson Chandler,1160.0,886.0,27.3,3.1,5.1,59.7,0.0,0.0,0.0,2.1,3.2,64.4,3.0,6.0,9.0,0.8,1.2,0.5,2.8,1.4,8.2
William Howard,2.0,0.0,6.5,0.0,2.0,0.0,0.0,2.0,0.0,0.0,0.0,0.0,0.0,1.0,1.0,0.5,0.0,0.0,0.5,0.5,0.0
Anthony Tolliver,711.0,101.0,19.6,2.0,4.9,41.5,1.2,3.2,37.3,0.9,1.2,77.1,0.8,2.6,3.4,0.9,0.3,0.4,1.6,0.6,6.2
Brandon Clarke,50.0,3.0,21.7,5.1,8.2,62.3,0.4,1.0,40.4,1.5,1.9,78.5,1.6,4.3,5.8,1.4,0.8,0.5,1.6,0.9,12.0
Dillon Brooks,165.0,139.0,27.5,4.6,11.0,41.8,1.5,4.0,36.4,1.8,2.3,77.5,0.7,2.3,3.0,1.7,0.3,0.8,3.2,1.5,12.4
Gorgui Dieng,510.0,204.0,22.1,3.0,6.1,50.0,0.2,0.6,34.3,1.6,2.0,78.5,1.9,4.3,6.2,1.4,1.0,0.8,2.3,1.2,7.9
Grayson Allen,68.0,2.0,13.4,2.1,5.2,41.2,1.0,2.8,34.2,1.1,1.4,78.9,0.1,1.2,1.3,1.0,0.1,0.2,1.2,0.8,6.4
Ja Morant,59.0,59.0,30.0,6.7,13.6,49.1,0.9,2.4,36.7,3.5,4.5,77.0,0.7,2.8,3.5,6.9,0.3,0.9,1.5,3.2,17.6
John Konchar,15.0,0.0,11.1,1.5,2.3,65.7,0.3,0.6,44.4,0.1,0.1,50.0,1.2,1.9,3.1,1.4,0.2,0.5,0.5,0.4,3.4
Jonas Valanciunas,551.0,523.0,25.3,4.9,8.7,56.2,0.1,0.4,36.1,2.4,3.1,78.1,2.6,6.2,8.8,0.9,1.0,0.4,2.8,1.5,12.4
Josh Jackson,174.0,64.0,24.7,4.6,11.1,41.7,0.9,3.0,29.8,2.0,3.1,65.1,1.0,3.4,4.3,1.9,0.6,1.0,2.7,2.0,12.1
Justise Winslow,241.0,105.0,28.4,3.6,8.5,41.7,0.8,2.3,33.7,1.2,1.8,64.6,1.0,4.3,5.4,2.7,0.4,0.9,2.5,1.5,9.0
Kyle Anderson,359.0,160.0,19.6,2.2,4.4,49.2,0.2,0.7,30.7,0.8,1.2,69.8,0.7,3.3,4.0,2.0,0.5,0.9,1.4,0.9,5.4
Marko Guduric,42.0,0.0,11.3,1.5,3.7,39.6,0.6,1.9,30.9,0.5,0.6,92.0,0.3,1.4,1.7,1.1,0.2,0.3,0.8,0.9,4.0
Tyus Jones,312.0,40.0,18.0,2.1,4.9,43.1,0.6,1.6,34.5,0.7,0.9,80.3,0.2,1.3,1.5,3.6,0.1,1.0,1.0,0.7,5.6
Yuta Watanabe,31.0,0.0,8.8,0.9,2.6,33.8,0.2,0.8,20.8,0.3,0.6,55.6,0.3,1.2,1.5,0.4,0.1,0.3,0.6,0.3,2.2
Brandon Ingram,246.0,207.0,32.2,6.0,12.9,46.0,1.1,3.0,35.7,3.3,4.5,72.0,0.8,4.2,5.1,3.2,0.6,0.7,2.6,2.3,16.2
Darius Miller,253.0,28.0,20.4,2.1,4.9,41.8,1.3,3.4,38.2,0.6,0.7,83.0,0.2,1.5,1.7,1.4,0.2,0.4,2.0,0.6,6.0
Derrick Favors,677.0,479.0,25.6,4.7,8.8,53.0,0.1,0.3,20.7,2.1,3.1,66.2,2.5,4.8,7.4,1.1,1.3,0.8,2.6,1.4,11.4
Frank Jackson,112.0,17.0,16.3,2.6,6.3,41.6,0.8,2.6,31.8,0.9,1.2,74.5,0.4,1.4,1.8,1.0,0.1,0.4,1.4,0.8,7.0
JJ Redick,890.0,487.0,25.9,4.3,9.7,44.8,2.1,5.0,41.6,2.2,2.5,89.1,0.2,1.9,2.1,2.0,0.1,0.5,1.5,1.1,13.0
Jahlil Okafor,218.0,114.0,20.4,4.7,8.7,53.6,0.0,0.1,23.5,1.6,2.4,67.4,1.6,3.4,5.0,1.0,0.9,0.3,2.2,1.5,11.0
Jaxson Hayes,56.0,12.0,17.0,2.8,4.2,66.0,0.0,0.1,25.0,1.9,3.1,63.0,1.5,2.5,4.0,0.9,0.9,0.4,2.5,0.7,7.5
Josh Gray,7.0,0.0,15.6,1.7,6.1,27.9,0.4,1.9,23.1,1.0,1.6,63.6,0.4,1.3,1.7,2.0,0.3,1.1,1.3,1.7,4.9
Josh Hart,187.0,59.0,25.3,3.0,7.1,42.8,1.5,4.3,35.3,1.0,1.4,71.3,0.7,4.0,4.7,1.4,0.4,0.9,2.1,0.9,8.6
Jrue Holiday,707.0,634.0,33.3,6.3,13.8,45.2,1.3,3.7,35.5,2.0,2.6,77.7,0.9,3.1,3.9,6.4,0.5,1.5,2.3,2.7,15.9
Kenrich Williams,81.0,47.0,22.9,1.9,5.2,37.0,1.0,3.1,30.6,0.3,0.5,51.2,1.3,3.6,4.9,1.7,0.5,0.9,2.2,0.7,5.1
Lonzo Ball,155.0,142.0,32.4,4.2,10.6,39.3,2.0,5.7,34.3,0.6,1.2,48.4,1.2,5.0,6.2,6.6,0.6,1.5,2.2,2.7,10.9
Nicolo Melli,52.0,6.0,17.1,2.4,5.3,44.2,1.3,3.5,36.1,0.8,1.2,73.3,0.7,2.3,3.0,1.3,0.4,0.6,2.0,0.8,6.8
Zion Williamson,19.0,19.0,29.7,9.1,15.4,58.9,0.3,0.7,46.2,5.2,8.0,64.5,2.9,3.9,6.8,2.2,0.5,0.8,1.7,2.7,23.6
Zylan Cheatham,3.0,0.0,10.3,0.7,1.7,40.0,0.0,0.3,0.0,0.0,0.0,0.0,0.3,1.7,2.0,0.7,0.3,0.0,1.7,1.0,1.3
Bryn Forbes,261.0,155.0,21.7,3.2,7.5,43.1,1.6,4.1,40.0,0.8,0.9,80.1,0.2,1.7,1.9,1.5,0.0,0.4,1.5,0.7,8.9
Chimezie Metu,45.0,0.0,4.8,0.9,2.1,41.9,0.0,0.1,0.0,0.4,0.6,76.0,0.4,1.0,1.4,0.4,0.1,0.2,0.4,0.4,2.2
DeMar DeRozan,813.0,801.0,34.2,7.2,15.7,45.7,0.4,1.5,28.3,5.2,6.3,82.9,0.7,3.6,4.4,3.6,0.3,1.0,2.3,2.1,20.0
Dejounte Murray,177.0,106.0,19.8,3.2,7.1,45.6,0.3,0.8,35.4,1.1,1.5,73.9,1.0,3.7,4.7,2.9,0.3,1.2,1.7,1.6,7.9
Derrick White,145.0,68.0,23.0,3.4,7.2,47.0,0.8,2.2,35.9,1.8,2.2,81.4,0.5,2.7,3.2,3.3,0.7,0.8,2.0,1.2,9.3
Drew Eubanks,37.0,3.0,6.6,1.0,1.5,66.7,0.0,0.0,100.0,0.5,0.6,79.2,0.4,1.5,1.9,0.3,0.3,0.1,0.9,0.5,2.5
Jakob Poeltl,271.0,38.0,16.2,2.4,3.7,63.8,0.0,0.0,50.0,0.6,1.2,54.3,1.9,2.8,4.7,1.0,1.0,0.4,2.0,0.8,5.4
Keldon Johnson,9.0,0.0,10.2,1.8,3.4,51.6,0.2,0.6,40.0,0.8,1.1,70.0,0.6,1.3,1.9,0.7,0.1,0.6,1.0,0.3,4.6
LaMarcus Aldridge,1003.0,962.0,34.4,7.9,16.1,49.1,0.2,0.6,31.2,3.6,4.4,81.1,2.7,5.7,8.3,2.0,1.1,0.7,2.5,1.6,19.5
Luka Samanic,1.0,0.0,12.0,0.0,4.0,0.0,0.0,2.0,0.0,0.0,0.0,0.0,0.0,2.0,2.0,3.0,0.0,0.0,0.0,0.0,0.0
Marco Belinelli,855.0,219.0,22.7,3.4,8.1,42.4,1.4,3.8,37.6,1.5,1.7,84.5,0.2,1.8,2.1,1.7,0.1,0.6,1.4,1.0,9.7
Patty Mills,668.0,56.0,19.4,3.1,7.3,43.0,1.6,4.0,38.9,0.9,1.0,85.1,0.3,1.3,1.7,2.3,0.1,0.7,1.3,1.0,8.7
Quinndary Weatherspoon,3.0,0.0,5.0,0.0,1.0,0.0,0.0,0.3,0.0,0.0,0.0,0.0,0.0,0.3,0.3,0.3,0.0,0.0,0.0,0.0,0.0
Rudy Gay,939.0,776.0,33.2,6.5,14.3,45.5,1.0,3.0,34.5,3.1,3.9,79.8,1.4,4.5,5.9,2.2,0.8,1.2,2.4,2.2,17.1
Trey Lyles,351.0,94.0,18.0,2.8,6.4,43.3,0.9,2.6,34.1,0.9,1.3,70.8,0.8,3.5,4.2,1.1,0.4,0.4,1.5,0.8,7.4
